Datetime,Water Level (m)
2026-09-18 06:00:00,0.6962011
2026-09-18 07:00:00,0.8004571
2026-09-18 08:00:00,0.74767154
2026-09-18 09:00:00,0.5807823
2026-09-18 10:00:00,0.31052932
2026-09-18 11:00:00,0.027912952
2026-09-18 12:00:00,-0.16495258
2026-09-18 13:00:00,-0.24467051
2026-09-18 14:00:00,-0.23814027
2026-09-18 15:00:00,-0.11280472
2026-09-18 16:00:00,0.11820573
2026-09-18 17:00:00,0.40570885
2026-09-18 18:00:00,0.63732857
2026-09-18 19:00:00,0.7838713
2026-09-18 20:00:00,0.818163
2026-09-18 21:00:00,0.7495859
2026-09-18 22:00:00,0.6097831
2026-09-18 23:00:00,0.43341354
2026-09-19 00:00:00,0.2562465
2026-09-19 01:00:00,0.12896971
2026-09-19 02:00:00,0.06887354
2026-09-19 03:00:00,0.0553605
2026-09-19 04:00:00,0.12288141
2026-09-19 05:00:00,0.24388346
2026-09-19 06:00:00,0.36559415
2026-09-19 07:00:00,0.46644485
2026-09-19 08:00:00,0.50691515
2026-09-19 09:00:00,0.49957573
2026-09-19 10:00:00,0.43057233
2026-09-19 11:00:00,0.31094423
2026-09-19 12:00:00,0.17378269
2026-09-19 13:00:00,0.046007205
2026-09-19 14:00:00,-0.033815414
2026-09-19 15:00:00,-0.042580787
2026-09-19 16:00:00,0.011359254
2026-09-19 17:00:00,0.136073
2026-09-19 18:00:00,0.31872845
2026-09-19 19:00:00,0.5027609
2026-09-19 20:00:00,0.63513535
2026-09-19 21:00:00,0.7174873
2026-09-19 22:00:00,0.71578056
2026-09-19 23:00:00,0.6501368
2026-09-20 00:00:00,0.55069375
2026-09-20 01:00:00,0.41343385
2026-09-20 02:00:00,0.28390422
2026-09-20 03:00:00,0.19670156
2026-09-20 04:00:00,0.14131957
2026-09-20 05:00:00,0.1166075
2026-09-20 06:00:00,0.15340346
2026-09-20 07:00:00,0.23894607
2026-09-20 08:00:00,0.3202525
2026-09-20 09:00:00,0.39190847
2026-09-20 10:00:00,0.46928662
2026-09-20 11:00:00,0.4964966
2026-09-20 12:00:00,0.45422432
2026-09-20 13:00:00,0.37868354
2026-09-20 14:00:00,0.27726898
2026-09-20 15:00:00,0.15018639
2026-09-20 16:00:00,0.04755788
2026-09-20 17:00:00,0.028733985
2026-09-20 18:00:00,0.06602377
2026-09-20 19:00:00,0.15598795
2026-09-20 20:00:00,0.33949783
2026-09-20 21:00:00,0.5444631
2026-09-20 22:00:00,0.71111685
2026-09-20 23:00:00,0.8261265
2026-09-21 00:00:00,0.86224836
2026-09-21 01:00:00,0.79885674
2026-09-21 02:00:00,0.647333
2026-09-21 03:00:00,0.45916614
2026-09-21 04:00:00,0.27395198
2026-09-21 05:00:00,0.10054942
2026-09-21 06:00:00,0.013074617
2026-09-21 07:00:00,0.015615946
2026-09-21 08:00:00,0.09795815
2026-09-21 09:00:00,0.26415378
2026-09-21 10:00:00,0.4689942
2026-09-21 11:00:00,0.6426118
2026-09-21 12:00:00,0.7382472
2026-09-21 13:00:00,0.7448621
2026-09-21 14:00:00,0.6571699
2026-09-21 15:00:00,0.48158586
2026-09-21 16:00:00,0.27706462
2026-09-21 17:00:00,0.10022575
2026-09-21 18:00:00,-0.0023805015
2026-09-21 19:00:00,0.013798731
2026-09-21 20:00:00,0.14774954
2026-09-21 21:00:00,0.3936545
2026-09-21 22:00:00,0.703252
2026-09-21 23:00:00,0.9769603
2026-09-22 00:00:00,1.1589421
2026-09-22 01:00:00,1.2185286
2026-09-22 02:00:00,1.1245613
2026-09-22 03:00:00,0.913863
2026-09-22 04:00:00,0.63850963
2026-09-22 05:00:00,0.34833282
2026-09-22 06:00:00,0.11626568
2026-09-22 07:00:00,-0.0052807606
2026-09-22 08:00:00,0.022766389
2026-09-22 09:00:00,0.19213909
2026-09-22 10:00:00,0.48815998
2026-09-22 11:00:00,0.8051115
2026-09-22 12:00:00,1.0447541
2026-09-22 13:00:00,1.1523218
2026-09-22 14:00:00,1.1288602
2026-09-22 15:00:00,0.94164187
2026-09-22 16:00:00,0.66753256
2026-09-22 17:00:00,0.38188767
2026-09-22 18:00:00,0.1319966
2026-09-22 19:00:00,-0.018273447
2026-09-22 20:00:00,0.013822915
2026-09-22 21:00:00,0.20800179
2026-09-22 22:00:00,0.55573815
2026-09-22 23:00:00,0.9536573
2026-09-23 00:00:00,1.3021746
2026-09-23 01:00:00,1.5153966
2026-09-23 02:00:00,1.5362389
2026-09-23 03:00:00,1.3922093
2026-09-23 04:00:00,1.0867797
2026-09-23 05:00:00,0.65173215
2026-09-23 06:00:00,0.22963564
2026-09-23 07:00:00,-0.040188547
2026-09-23 08:00:00,-0.09868315
2026-09-23 09:00:00,-0.00074122206
2026-09-23 10:00:00,0.32691753
2026-09-23 11:00:00,0.80369556
2026-09-23 12:00:00,1.1815175
2026-09-23 13:00:00,1.4248416
2026-09-23 14:00:00,1.5025648
2026-09-23 15:00:00,1.3723444
2026-09-23 16:00:00,1.0687973
2026-09-23 17:00:00,0.68577677
2026-09-23 18:00:00,0.306391
2026-09-23 19:00:00,0.0045777396
2026-09-23 20:00:00,-0.101957336
2026-09-23 21:00:00,0.0042555034
2026-09-23 22:00:00,0.3164158
2026-09-23 23:00:00,0.780022
2026-09-24 00:00:00,1.315185
2026-09-24 01:00:00,1.6542332
2026-09-24 02:00:00,1.7493248
2026-09-24 03:00:00,1.6593229
2026-09-24 04:00:00,1.3205603
2026-09-24 05:00:00,0.84968626
2026-09-24 06:00:00,0.3413943
